{"count":1,"gauges":{"DriveLearn.CumulativeReward":{"count":1122,"max":17.362381,"min":-1.01028717,"value":-0.9948684,"weightedAverage":-0.9938025}},"self":26.7610448,"total":29.0322572,"children":{"AgentSendState":{"count":1410,"self":0.0279019,"total":0.0378858,"children":{"CollectObservations":{"count":282,"self":0.0089859,"total":0.0089859,"children":null},"CollectDiscreteActionMasks":{"count":282,"self":0.000998,"total":0.000998,"children":null}}},"DecideAction":{"count":1410,"self":2.1483392,"total":2.1753185999999998,"children":{"RayPerceptionSensor.Perceive":{"count":564,"self":0.0269795,"total":0.0269795,"children":null}}},"AgentAct":{"count":1410,"self":0.0570115,"total":0.0570115,"children":null}}}