{"count":1,"gauges":{"DriveLearn.CumulativeReward":{"count":15,"max":4.08698,"min":1.68250108,"value":3.302513,"weightedAverage":2.952907}},"self":29.5676928,"total":45.6926134,"children":{"AgentSendState":{"count":9801,"self":0.2200131,"total":0.70904309999999993,"children":{"CollectObservations":{"count":1961,"self":0.0390024,"total":0.0390024,"children":null},"CollectDiscreteActionMasks":{"count":1961,"self":0.0160012,"total":0.0160012,"children":null},"AgentInfo.ToProto":{"count":1961,"self":0.049002899999999995,"total":0.4340264,"children":{"GenerateSensorData":{"count":1961,"self":0.097006,"total":0.38502349999999996,"children":{"RayPerceptionSensor.Perceive":{"count":1961,"self":0.2880175,"total":0.2880175,"children":null}}}}}}},"DecideAction":{"count":9801,"self":11.143632799999999,"total":11.143633099999999,"children":null},"AgentAct":{"count":9801,"self":4.2672452,"total":4.2672453,"children":null},"AgentInfo.ToProto":{"count":15,"self":0,"total":0.0040002,"children":{"GenerateSensorData":{"count":15,"self":0.0010000999999999999,"total":0.0040002,"children":{"RayPerceptionSensor.Perceive":{"count":15,"self":0.0030001,"total":0.0030001,"children":null}}}}}}}