{"count":1,"gauges":{"DriveLearn.CumulativeReward":{"count":6,"max":40.4243164,"min":-0.0652,"value":-0.0616000071,"weightedAverage":4.313751}},"self":17.2709872,"total":17.673010899999998,"children":{"AgentSendState":{"count":824,"self":0.0130005,"total":0.0160007,"children":{"CollectObservations":{"count":168,"self":0.0030001999999999997,"total":0.0030001999999999997,"children":null},"CollectDiscreteActionMasks":{"count":168,"self":0,"total":0,"children":null}}},"DecideAction":{"count":824,"self":0.0100004,"total":0.0100004,"children":null},"AgentAct":{"count":824,"self":0.37502199999999997,"total":0.37502199999999997,"children":null}}}