{"count":1,"gauges":{"DriveLearn.CumulativeReward":{"count":10,"max":48.2087822,"min":45.3953934,"value":48.0678444,"weightedAverage":47.7618}},"self":30.217491199999998,"total":31.0057282,"children":{"AgentSendState":{"count":1508,"self":0.0299168,"total":0.038869,"children":{"CollectObservations":{"count":302,"self":0.0069679,"total":0.0069679,"children":null},"CollectDiscreteActionMasks":{"count":302,"self":0.0019843,"total":0.0019843,"children":null}}},"DecideAction":{"count":1508,"self":0.6696209,"total":0.71942909999999993,"children":{"RayPerceptionSensor.Perceive":{"count":604,"self":0.0498082,"total":0.0498082,"children":null}}},"AgentAct":{"count":1508,"self":0.028942299999999997,"total":0.028942299999999997,"children":null}}}