{"count":1,"gauges":{"DriveLearn.CumulativeReward":{"count":78,"max":1.1136018,"min":0.605200231,"value":0.910301149,"weightedAverage":0.900293469}},"self":21.162460799999998,"total":34.9694657,"children":{"AgentSendState":{"count":16651,"self":0.2358102,"total":0.71335169999999992,"children":{"CollectObservations":{"count":3331,"self":0.0369137,"total":0.0369137,"children":null},"CollectDiscreteActionMasks":{"count":3331,"self":0.0488629,"total":0.0488629,"children":null},"AgentInfo.ToProto":{"count":3331,"self":0.0478803,"total":0.39176489999999997,"children":{"GenerateSensorData":{"count":3331,"self":0.1102092,"total":0.3438846,"children":{"RayPerceptionSensor.Perceive":{"count":3331,"self":0.23367539999999998,"total":0.23367539999999998,"children":null}}}}}}},"DecideAction":{"count":16651,"self":12.892635199999999,"total":12.8926351,"children":null},"AgentAct":{"count":16651,"self":0.191048,"total":0.191048,"children":null},"AgentInfo.ToProto":{"count":78,"self":0.0029909,"total":0.008974,"children":{"GenerateSensorData":{"count":78,"self":0.0019941,"total":0.0059831,"children":{"RayPerceptionSensor.Perceive":{"count":78,"self":0.0039889999999999995,"total":0.0039889999999999995,"children":null}}}}}}}