{"count":1,"gauges":{"DriveLearn.CumulativeReward":{"count":1222,"max":1.21250153,"min":0.310301125,"value":0.6130009,"weightedAverage":0.6528173}},"self":41.9423776,"total":636.59838359999992,"children":{"AgentSendState":{"count":18717,"self":2.2859852,"total":101.9437152,"children":{"CollectObservations":{"count":67392,"self":0.68554949999999992,"total":0.68554949999999992,"children":null},"CollectDiscreteActionMasks":{"count":67392,"self":0.2358022,"total":0.2358022,"children":null},"AgentInfo.ToProto":{"count":67392,"self":0.7952734,"total":98.736378399999992,"children":{"GenerateSensorData":{"count":67392,"self":3.4096455999999997,"total":97.941105,"children":{"CameraSensor.GetCompressedObservation":{"count":67392,"self":89.5846784,"total":89.5846754,"children":null},"RayPerceptionSensor.Perceive":{"count":67392,"self":4.946784,"total":4.9467842,"children":null}}}}}}},"DecideAction":{"count":18717,"self":489.64751359999997,"total":489.64751309999997,"children":null},"AgentAct":{"count":18717,"self":1.0790665,"total":1.4641423999999998,"children":{"AgentInfo.ToProto":{"count":220,"self":0.0019943,"total":0.38507589999999997,"children":{"GenerateSensorData":{"count":220,"self":0.0108354,"total":0.38308159999999997,"children":{"CameraSensor.GetCompressedObservation":{"count":220,"self":0.3544198,"total":0.3544198,"children":null},"RayPerceptionSensor.Perceive":{"count":220,"self":0.0178264,"total":0.0178264,"children":null}}}}}}},"AgentInfo.ToProto":{"count":1002,"self":0.0119686,"total":1.5996374,"children":{"GenerateSensorData":{"count":1002,"self":0.0727168,"total":1.5876687999999999,"children":{"CameraSensor.GetCompressedObservation":{"count":1002,"self":1.4481864,"total":1.4481864,"children":null},"RayPerceptionSensor.Perceive":{"count":1002,"self":0.0667656,"total":0.0667656,"children":null}}}}}}}