{"count":1,"gauges":{},"self":3.5037331999999997,"total":3.6726506,"children":{"AgentSendState":{"count":132,"self":0.0159053,"total":0.084200799999999992,"children":{"CollectObservations":{"count":864,"self":0.0089263,"total":0.0089263,"children":null},"CollectDiscreteActionMasks":{"count":864,"self":0.0049876,"total":0.0049876,"children":null},"RayPerceptionSensor.Perceive":{"count":837,"self":0.054381599999999995,"total":0.054381599999999995,"children":null}}},"DecideAction":{"count":132,"self":0.067810799999999991,"total":0.0698052,"children":{"RayPerceptionSensor.Perceive":{"count":27,"self":0.0019944,"total":0.0019944,"children":null}}},"AgentAct":{"count":132,"self":0.013914099999999999,"total":0.013914099999999999,"children":null}}}