{"count":1,"gauges":{"DriveLearn.CumulativeReward":{"count":10919,"max":1.21230149,"min":0.308000922,"value":0.5048002,"weightedAverage":0.5088828}},"self":239.2658688,"total":596.644448,"children":{"AgentSendState":{"count":78251,"self":11.6809368,"total":60.0464406,"children":{"CollectObservations":{"count":500832,"self":3.6849304,"total":3.6849306,"children":null},"CollectDiscreteActionMasks":{"count":500832,"self":1.7449549999999998,"total":1.7449549999999998,"children":null},"AgentInfo.ToProto":{"count":500832,"self":4.8593747999999994,"total":42.9356182,"children":{"GenerateSensorData":{"count":500832,"self":9.3050304,"total":38.0762433,"children":{"RayPerceptionSensor.Perceive":{"count":500832,"self":28.771212799999997,"total":28.7712129,"children":null}}}}}}},"DecideAction":{"count":78251,"self":288.9785856,"total":288.9785887,"children":null},"AgentAct":{"count":78251,"self":7.5058744,"total":7.6780997,"children":{"AgentInfo.ToProto":{"count":1495,"self":0.0189639,"total":0.1722251,"children":{"GenerateSensorData":{"count":1495,"self":0.030516599999999998,"total":0.1532612,"children":{"RayPerceptionSensor.Perceive":{"count":1495,"self":0.1227446,"total":0.1227446,"children":null}}}}}}},"AgentInfo.ToProto":{"count":9424,"self":0.0958439,"total":0.6744545,"children":{"GenerateSensorData":{"count":9424,"self":0.1715837,"total":0.5786106,"children":{"RayPerceptionSensor.Perceive":{"count":9424,"self":0.40702689999999997,"total":0.40702689999999997,"children":null}}}}}}}