{"count":1,"gauges":{"DriveLearn.CumulativeReward":{"count":4215,"max":4.989918,"min":2.21421942E-07,"value":3.74949646,"weightedAverage":3.04226637}},"self":1113.4826496,"total":2481.3909275,"children":{"AgentSendState":{"count":191301,"self":23.043313599999998,"total":130.3184533,"children":{"CollectObservations":{"count":459132,"self":7.4044191999999995,"total":7.4044196,"children":null},"CollectDiscreteActionMasks":{"count":459132,"self":3.0491751999999996,"total":3.0491751,"children":null},"AgentInfo.ToProto":{"count":459132,"self":9.102527199999999,"total":96.82154469999999,"children":{"GenerateSensorData":{"count":459132,"self":16.969976,"total":87.7190172,"children":{"RayPerceptionSensor.Perceive":{"count":459132,"self":70.7490432,"total":70.749041699999992,"children":null}}}}}}},"DecideAction":{"count":191301,"self":404.61114879999997,"total":404.6111471,"children":null},"AgentAct":{"count":191301,"self":831.9525888,"total":831.9555965,"children":{"AgentInfo.ToProto":{"count":14,"self":0,"total":0.0030001999999999997,"children":{"GenerateSensorData":{"count":14,"self":0,"total":0.0030001999999999997,"children":{"RayPerceptionSensor.Perceive":{"count":14,"self":0.0030001999999999997,"total":0.0030001999999999997,"children":null}}}}}}},"AgentInfo.ToProto":{"count":4201,"self":0.1320081,"total":1.0210588,"children":{"GenerateSensorData":{"count":4201,"self":0.23801339999999999,"total":0.8890507,"children":{"RayPerceptionSensor.Perceive":{"count":4201,"self":0.65103729999999993,"total":0.65103729999999993,"children":null}}}}}}}