{"count":1,"gauges":{},"self":27.122044799999998,"total":27.1588304,"children":{"AgentSendState":{"count":1319,"self":0.0209518,"total":0.0209518,"children":null},"DecideAction":{"count":1319,"self":0.011830799999999999,"total":0.011830799999999999,"children":null},"AgentAct":{"count":1319,"self":0.003005,"total":0.003005,"children":null}}}