{"count":1,"gauges":{},"self":18.17904,"total":18.211041599999998,"children":{"AgentSendState":{"count":843,"self":0.0200009,"total":0.0200009,"children":null},"DecideAction":{"count":843,"self":0.0030001999999999997,"total":0.0030001999999999997,"children":null},"AgentAct":{"count":843,"self":0.0080004999999999989,"total":0.0080004999999999989,"children":null}}}